{
	"id": "96a64960-0ad9-4f92-9725-a53e128bf968",
	"name": "CodeFusionAIENV",
	"values": [
		{
			"key": "base_url",
			"value": "http://127.0.0.1:8000",
			"type": "default",
			"enabled": true
		},
		{
			"key": "access_token",
			"value": "",
			"type": "default",
			"enabled": true
		},
		{
			"key": "refresh_token",
			"value": "",
			"type": "default",
			"enabled": true
		}
	],
	"_postman_variable_scope": "environment",
	"_postman_exported_at": "2025-05-06T14:57:17.491Z",
	"_postman_exported_using": "Postman/11.43.0"
}